kota,kecamatan,kelurahan
JAKARTA PUSAT,TANAH ABANG,KARET TENGSIN
JAKARTA PUSAT,TANAH ABANG,PETAMBURAN
JAKARTA UTARA,CILINCING,CILINCING
JAKARTA UTARA,CILINCING,MARUNDA
JAKARTA UTARA,CILINCING,SEMPER BARAT
JAKARTA UTARA,CILINCING,SEMPER TIMUR
JAKARTA UTARA,CILINCING,SUKA PURA
JAKARTA UTARA,KELAPA GADING,KELAPA GADING TIMUR
JAKARTA UTARA,KELAPA GADING,PEGANGSAAN DUA
JAKARTA UTARA,KOJA,TUGU SELATAN
JAKARTA UTARA,PADEMANGAN,PADEMANGAN BARAT
JAKARTA UTARA,PENJARINGAN,KAMAL MUARA
JAKARTA UTARA,PENJARINGAN,KAPUK MUARA
JAKARTA UTARA,PENJARINGAN,PEJAGALAN
JAKARTA UTARA,PENJARINGAN,PENJARINGAN
JAKARTA UTARA,PENJARINGAN,PLUIT
JAKARTA UTARA,TANJUNG PRIOK,TANJUNG PRIUK
JAKARTA BARAT,CENGKARENG,CENGKARENG BARAT
JAKARTA BARAT,CENGKARENG,CENGKARENG TIMUR
JAKARTA BARAT,CENGKARENG,DURI KOSAMBI
JAKARTA BARAT,CENGKARENG,KAPUK
JAKARTA BARAT,CENGKARENG,KEDAUNG KALI ANGKE
JAKARTA BARAT,CENGKARENG,RAWA BUAYA
JAKARTA BARAT,GROGOL PETAMBURAN,JELAMBAR BARU
JAKARTA BARAT,GROGOL PETAMBURAN,WIJAYA KESUMA
JAKARTA BARAT,KALI DERES,SEMANAN
JAKARTA BARAT,KALI DERES,TEGAL ALUR
JAKARTA BARAT,KEBON JERUK,DURI KEPA
JAKARTA BARAT,KEBON JERUK,KEDOYA SELATAN
JAKARTA BARAT,KEBON JERUK,KEDOYA UTARA
JAKARTA BARAT,KEMBANGAN,JOGLO
JAKARTA BARAT,KEMBANGAN,KEMBANGAN SELATAN
JAKARTA BARAT,KEMBANGAN,KEMBANGAN UTARA
JAKARTA BARAT,TAMAN SARI,PINANGSIA
JAKARTA SELATAN,CILANDAK,CILANDAK BARAT
JAKARTA SELATAN,CILANDAK,LEBAK BULUS
JAKARTA SELATAN,CILANDAK,PONDOK LABU
JAKARTA SELATAN,KEBAYORAN BARU,CIPETE UTARA
JAKARTA SELATAN,KEBAYORAN BARU,PETOGOGAN
JAKARTA SELATAN,KEBAYORAN LAMA,CIPULIR
JAKARTA SELATAN,KEBAYORAN LAMA,KEBAYORAN LAMA UTARA
JAKARTA SELATAN,KEBAYORAN LAMA,PONDOK PINANG
JAKARTA SELATAN,MAMPANG PRAPATAN,BANGKA
JAKARTA SELATAN,MAMPANG PRAPATAN,KUNINGAN BARAT
JAKARTA SELATAN,MAMPANG PRAPATAN,MAMPANG PRAPATAN
JAKARTA SELATAN,MAMPANG PRAPATAN,PELA MAMPANG
JAKARTA SELATAN,MAMPANG PRAPATAN,TEGAL PARANG
JAKARTA SELATAN,PANCORAN,KALIBATA
JAKARTA SELATAN,PANCORAN,PENGADEGAN
JAKARTA SELATAN,PANCORAN,RAWAJATI
JAKARTA SELATAN,PASAR MINGGU,CILANDAK TIMUR
JAKARTA SELATAN,PASAR MINGGU,JATI PADANG
JAKARTA SELATAN,PASAR MINGGU,PEJATEN TIMUR
JAKARTA SELATAN,PESANGGRAHAN,BINTARO
JAKARTA SELATAN,PESANGGRAHAN,PETUKANGAN SELATAN
JAKARTA SELATAN,PESANGGRAHAN,ULUJAMI
JAKARTA SELATAN,TEBET,BUKIT DURI
JAKARTA SELATAN,TEBET,KEBON BARU
JAKARTA SELATAN,TEBET,MANGGARAI
JAKARTA TIMUR,CAKUNG,CAKUNG TIMUR
JAKARTA TIMUR,CAKUNG,PULO GEBANG
JAKARTA TIMUR,CAKUNG,RAWA TERATE
JAKARTA TIMUR,CIRACAS,CIBUBUR
JAKARTA TIMUR,CIRACAS,KELAPA DUA WETAN
JAKARTA TIMUR,CIRACAS,RAMBUTAN
JAKARTA TIMUR,DUREN SAWIT,PONDOK BAMBU
JAKARTA TIMUR,JATINEGARA,BIDARA CINA
JAKARTA TIMUR,JATINEGARA,CIPINANG BESAR SELATAN
JAKARTA TIMUR,JATINEGARA,CIPINANG MUARA
JAKARTA TIMUR,JATINEGARA,KAMPUNG MELAYU
JAKARTA TIMUR,KRAMAT JATI,CAWANG
JAKARTA TIMUR,KRAMAT JATI,CILILITAN
JAKARTA TIMUR,KRAMAT JATI,DUKUH
JAKARTA TIMUR,KRAMAT JATI,KRAMAT JATI
JAKARTA TIMUR,MAKASAR,CIPINANG MELAYU
JAKARTA TIMUR,MAKASAR,HALIM PERDANA KUSUMA
JAKARTA TIMUR,MAKASAR,KEBON PALA
JAKARTA TIMUR,MAKASAR,MAKASAR
JAKARTA TIMUR,MAKASAR,PINANG RANTI
JAKARTA TIMUR,MATRAMAN,KEBON MANGGIS
JAKARTA TIMUR,PASAR REBO,KALISARI
JAKARTA TIMUR,PASAR REBO,PEKAYON
